Playlist Id,Channel Id,Time Created,Time Updated,Title,Description,Visibility
LLzABvJefj4s7f76bLyw5Llg,UCzABvJefj4s7f76bLyw5Llg,2018-03-25 16:11:14 UTC,2020-11-26 21:28:44 UTC,Liked videos,,Private


Video Id,Time Added
H1b4FNYUzFI,2020-11-26 21:28:44 UTC
RhMHPdM7kdU,2020-11-26 19:25:28 UTC
NjYTbjTNdIs,2020-11-20 00:41:21 UTC
c9LIDKWwWZw,2020-11-19 19:50:23 UTC
LAOoF2gyQaA,2020-11-17 03:53:10 UTC
pmAUyrOxfu8,2020-11-13 17:34:03 UTC
dd-P5Y_7Mfg,2020-11-10 05:43:58 UTC
WY77rVR_jdQ,2020-11-10 01:45:02 UTC
BsCr8GnIWXQ,2020-11-09 16:26:31 UTC
KHBSsyqVtaU,2020-11-05 16:15:53 UTC
WFSIv1nB9ts,2020-11-04 23:43:51 UTC
z4AeoAWGJBw,2020-10-25 23:11:58 UTC
WaXIVi-kyMc,2020-10-25 17:44:22 UTC
a77wDfuJJrw,2020-10-12 02:59:03 UTC
VWUJQqljHzI,2020-10-04 02:35:24 UTC
BWf2A3g29yo,2020-09-19 18:11:52 UTC
fkNAStYZpw8,2020-09-19 02:09:07 UTC
idRiPCqMp18,2020-09-18 03:17:29 UTC
P2yma3kDvUk,2020-09-18 03:12:10 UTC
SzTCx95PJeE,2020-09-06 20:36:07 UTC
UpSTh0qHznc,2020-09-06 17:26:00 UTC
pvketoerU54,2020-09-06 17:25:55 UTC
zojhJqDhFxY,2020-09-06 17:20:22 UTC
EhfVW-5_Z64,2020-09-06 17:00:36 UTC
1E3Oi8_NiEw,2020-09-02 19:03:46 UTC
bfDPtt-bnAI,2020-08-31 19:17:40 UTC
BmPIYOceEXs,2020-08-30 04:24:00 UTC
J4sI0_TVfCM,2020-08-26 04:43:21 UTC
vpU5hJYhXSY,2020-08-18 18:35:04 UTC
5UAyrmbJTqs,2020-08-17 18:20:14 UTC
UgsDt_y8CC0,2020-08-13 00:39:46 UTC
U_zBiG3Tj94,2020-08-12 16:59:38 UTC
V0XWXrtSBXk,2020-08-06 15:31:53 UTC
D621BWU5_r8,2020-08-05 03:00:06 UTC
kawRC2wfVdQ,2020-08-03 23:24:29 UTC
8GYyIxGOjUE,2020-07-20 18:43:04 UTC
hgdSJdeGF_0,2020-07-20 18:14:20 UTC
eoU5mpXWFUM,2020-07-13 02:37:25 UTC
QE1tnokPWX8,2020-07-13 02:32:56 UTC
LEJ1TBbLxqQ,2020-07-13 01:06:20 UTC
YOlqKUXCheU,2020-07-12 18:05:02 UTC
bbscNEh3l-I,2020-07-11 02:49:42 UTC
7TxZXUv1AR4,2020-07-08 04:07:17 UTC
oOc6r97G7vU,2020-07-07 15:10:32 UTC
KYkAN62IoMo,2020-06-29 03:17:24 UTC
PktOpzLqrMw,2020-06-24 21:59:15 UTC
stFgE8mMrCs,2020-06-17 16:46:13 UTC
FIUgRG8ejRM,2020-06-01 19:54:32 UTC
hFZFjoX2cGg,2020-05-24 16:44:47 UTC
dDvO4clZ6c0,2020-03-25 00:08:42 UTC
 -k-V3ESHcfA,2020-02-13 00:28:56 UTC
DFjIi2hxxf0,2020-02-07 05:19:15 UTC
KWNm2VM6YDM,2019-12-22 18:21:08 UTC
I3gbneDt-S4,2019-11-12 01:56:29 UTC
w6HGkTOJcpg,2019-10-16 04:35:45 UTC
4LWka7og5uM,2019-09-19 04:16:58 UTC
qNiVOI1mLcU,2019-09-15 18:20:03 UTC
TIuLAkEUkp4,2019-09-15 17:48:11 UTC
gLUfZCcSmf8,2019-09-15 17:35:00 UTC
QXDzLTf8wK8,2019-09-15 17:29:30 UTC
J0mCodUGfAM,2019-09-14 23:56:10 UTC
JyyN5TVtrkY,2019-09-14 23:52:09 UTC
TRyrTCHLyKo,2019-09-14 23:45:17 UTC
GpEZ2U1re38,2019-09-14 16:47:45 UTC
9lGyIAka7Bk,2019-09-13 01:51:30 UTC
G5idqWAqpv0,2019-09-12 04:32:00 UTC
JiyyFNnsQlg,2019-09-12 04:31:22 UTC
m1WF65rxgcQ,2019-09-12 04:28:03 UTC
MF6yknNjCbA,2019-09-12 04:26:39 UTC
vUHHi0l8fmU,2019-09-12 04:20:04 UTC
ZZOG7HfBVzc,2019-09-12 03:57:54 UTC
CsJOS7PVkPc,2019-09-12 03:52:28 UTC
anYzLIPm0P0,2019-09-03 18:22:38 UTC
XtTlKvaIwt4,2019-09-03 18:16:59 UTC
XxLfFN2bQ98,2019-09-03 17:53:15 UTC
lNAJ1Cd1Ef0,2019-09-03 17:48:02 UTC
2s4GMLkTNv0,2019-08-23 22:59:51 UTC
rK5Hm9BW0lI,2019-04-09 02:27:43 UTC
6zI19yk3214,2019-04-09 02:14:44 UTC
f9ilC-ePrg4,2018-11-22 00:20:25 UTC
9BMhFmNzw-o,2018-06-15 01:02:53 UTC
0X-1aa54KgA,2018-05-14 01:16:05 UTC
nv3oHZScTO8,2018-03-25 16:11:14 UTC
